Product Name,Category,Image URL,Price (PHP),Rating,Description,Available Sizes,Available Colors
LightPink Dress Finish,Dress,https://images.unsplash.com/photo-1519554318711-aaf73ece6ff9?crop=entropy&cs=tinysrgb&fit=max&fm=jpg&ixid=M3w3NTA2MjR8MHwxfHNlYXJjaHwxfHxMaWdodFBpbmslMjBEcmVzcyUyMEZpbmlzaHxlbnwwfHx8fDE3NDcxMjkxODN8MA&ixlib=rb-4.1.0&q=80&w=1080,540.27,3.7,Own performance without edge scene involve never energy page thus require trip head nice firm place reveal.,"S, M, L","Purple, Yellow"
GreenYellow Jeans Most,Jeans,https://images.unsplash.com/photo-1604176354204-9268737828e4?crop=entropy&cs=tinysrgb&fit=max&fm=jpg&ixid=M3w3NTA2MjR8MHwxfHNlYXJjaHwxfHxHcmVlblllbGxvdyUyMEplYW5zJTIwTW9zdHxlbnwwfHx8fDE3NDcxMjkxODR8MA&ixlib=rb-4.1.0&q=80&w=1080,1945.89,3.9,Two lot rule center defense particular difficult price Democrat condition low white.,"28, 30, 32, 34, 36","Green, Black, White"
DarkSlateBlue Jeans Yet,Jeans,https://images.unsplash.com/photo-1604176354204-9268737828e4?crop=entropy&cs=tinysrgb&fit=max&fm=jpg&ixid=M3w3NTA2MjR8MHwxfHNlYXJjaHwxfHxEYXJrU2xhdGVCbHVlJTIwSmVhbnMlMjBZZXR8ZW58MHx8fHwxNzQ3MTI5MTg1fDA&ixlib=rb-4.1.0&q=80&w=1080,456.74,4.5,Meet beyond baby it should run what nor organization instead yourself each several evidence keep.,"28, 30, 32, 34, 36","Yellow, Black"
LightSalmon Dress Interview,Dress,https://images.unsplash.com/photo-1519554318711-aaf73ece6ff9?crop=entropy&cs=tinysrgb&fit=max&fm=jpg&ixid=M3w3NTA2MjR8MHwxfHNlYXJjaHwxfHxMaWdodFNhbG1vbiUyMERyZXNzJTIwSW50ZXJ2aWV3fGVufDB8fHx8MTc0NzEyOTE4NXww&ixlib=rb-4.1.0&q=80&w=1080,1816.36,4.1,Short under summer impact investment artist set word course relationship until pull four scene he.,"S, M, L","Black, Green, Purple, Blue, Pink"
DodgerBlue Jeans Accept,Jeans,https://images.unsplash.com/photo-1604176354204-9268737828e4?crop=entropy&cs=tinysrgb&fit=max&fm=jpg&ixid=M3w3NTA2MjR8MHwxfHNlYXJjaHwxfHxEb2RnZXJCbHVlJTIwSmVhbnMlMjBBY2NlcHR8ZW58MHx8fHwxNzQ3MTI5MTg2fDA&ixlib=rb-4.1.0&q=80&w=1080,1549.14,4.2,Past clear morning pull subject suffer read strategy more remain rather plant.,"28, 30, 32, 34, 36","Purple, Pink, Blue"
Gainsboro Jeans Fill,Jeans,https://images.unsplash.com/photo-1604176354204-9268737828e4?crop=entropy&cs=tinysrgb&fit=max&fm=jpg&ixid=M3w3NTA2MjR8MHwxfHNlYXJjaHwxfHxHYWluc2Jvcm8lMjBKZWFucyUyMEZpbGx8ZW58MHx8fHwxNzQ3MTI5MTg2fDA&ixlib=rb-4.1.0&q=80&w=1080,1272.54,4.5,Nice college discuss blood they nature return since claim enter night state college professional cover stand hundred property.,"28, 30, 32, 34, 36","Gray, White, Yellow, Black"
FireBrick Shorts Real,Shorts,https://images.unsplash.com/photo-1484154218962-a197022b5858?crop=entropy&cs=tinysrgb&fit=max&fm=jpg&ixid=M3w3NTA2MjR8MHwxfHNlYXJjaHwxfHxGaXJlQnJpY2slMjBTaG9ydHMlMjBSZWFsfGVufDB8fHx8MTc0NzEyOTE4N3ww&ixlib=rb-4.1.0&q=80&w=1080,1464.28,4.5,Later point some several fight single rule participant finally push.,"S, M, L, XL","Red, Purple, Beige, White"
SlateGray Hoodie Whole,Hoodie,https://images.unsplash.com/photo-1496086065751-717735c9dd4d?crop=entropy&cs=tinysrgb&fit=max&fm=jpg&ixid=M3w3NTA2MjR8MHwxfHNlYXJjaHwxfHxTbGF0ZUdyYXklMjBIb29kaWUlMjBXaG9sZXxlbnwwfHx8fDE3NDcxMjkxODh8MA&ixlib=rb-4.1.0&q=80&w=1080,423.29,4.2,Total hour impact second nor address accept hair staff whole although bring film me subject source.,"S, M, L, XL","Pink, White"
Tomato Dress You,Dress,https://images.unsplash.com/photo-1519554318711-aaf73ece6ff9?crop=entropy&cs=tinysrgb&fit=max&fm=jpg&ixid=M3w3NTA2MjR8MHwxfHNlYXJjaHwxfHxUb21hdG8lMjBEcmVzcyUyMFlvdXxlbnwwfHx8fDE3NDcxMjkxODl8MA&ixlib=rb-4.1.0&q=80&w=1080,720.58,4.1,Have suffer scene bed beat reality animal service movement use ok me become go day hold stock only citizen.,"S, M, L","Blue, Purple, Green"
LightCoral T-Shirt Later,T-Shirt,https://images.unsplash.com/photo-1484516396415-4971641de8e0?crop=entropy&cs=tinysrgb&fit=max&fm=jpg&ixid=M3w3NTA2MjR8MHwxfHNlYXJjaHwxfHxMaWdodENvcmFsJTIwVC1TaGlydCUyMExhdGVyfGVufDB8fHx8MTc0NzEyOTE4OXww&ixlib=rb-4.1.0&q=80&w=1080,1729.55,4.7,Paper pretty star behavior analysis event identify common miss produce budget candidate road world dinner peace culture manager ask music.,"S, M, L, XL","Gray, Black, Green, Pink"
OliveDrab Jacket Total,Jacket,https://images.unsplash.com/photo-1542327897-d73f4005b533?crop=entropy&cs=tinysrgb&fit=max&fm=jpg&ixid=M3w3NTA2MjR8MHwxfHNlYXJjaHwxfHxPbGl2ZURyYWIlMjBKYWNrZXQlMjBUb3RhbHxlbnwwfHx8fDE3NDcxMjkxOTB8MA&ixlib=rb-4.1.0&q=80&w=1080,1482.1,3.7,Machine deep life do television wife size activity structure.,"S, M, L","Beige, Yellow, Red"
PaleGoldenRod Jacket So,Jacket,https://images.unsplash.com/photo-1542327897-d73f4005b533?crop=entropy&cs=tinysrgb&fit=max&fm=jpg&ixid=M3w3NTA2MjR8MHwxfHNlYXJjaHwxfHxQYWxlR29sZGVuUm9kJTIwSmFja2V0JTIwU298ZW58MHx8fHwxNzQ3MTI5MTkxfDA&ixlib=rb-4.1.0&q=80&w=1080,237.14,4.0,Sell wish make response use draw sell determine stage sea thank money carry.,"S, M, L","Green, Purple, Gray, White, Beige"
LavenderBlush Skirt Something,Skirt,https://images.unsplash.com/photo-1542601524107-6a85034106d7?crop=entropy&cs=tinysrgb&fit=max&fm=jpg&ixid=M3w3NTA2MjR8MHwxfHNlYXJjaHwxfHxMYXZlbmRlckJsdXNoJTIwU2tpcnQlMjBTb21ldGhpbmd8ZW58MHx8fHwxNzQ3MTI5MTkxfDA&ixlib=rb-4.1.0&q=80&w=1080,443.97,4.5,Force agent issue Mrs light common share remain choose particular our structure relate else respond suddenly give cut.,"S, M, L","Green, Red"
DarkBlue Dress Accept,Dress,https://images.unsplash.com/photo-1519554318711-aaf73ece6ff9?crop=entropy&cs=tinysrgb&fit=max&fm=jpg&ixid=M3w3NTA2MjR8MHwxfHNlYXJjaHwxfHxEYXJrQmx1ZSUyMERyZXNzJTIwQWNjZXB0fGVufDB8fHx8MTc0NzEyOTE5Mnww&ixlib=rb-4.1.0&q=80&w=1080,1796.39,4.0,To improve serve cost itself themselves east piece treatment.,"S, M, L","White, Yellow"
MediumPurple Hoodie Article,Hoodie,https://images.unsplash.com/photo-1620680779930-e74c15c8f7a0?crop=entropy&cs=tinysrgb&fit=max&fm=jpg&ixid=M3w3NTA2MjR8MHwxfHNlYXJjaHwxfHxNZWRpdW1QdXJwbGUlMjBIb29kaWUlMjBBcnRpY2xlfGVufDB8fHx8MTc0NzEyOTE5M3ww&ixlib=rb-4.1.0&q=80&w=1080,1685.72,4.3,Kid question agree data school central law open inside statement others camera would year take return act north.,"S, M, L, XL","Purple, Red, Gray, Blue"
Salmon Hoodie Natural,Hoodie,https://images.unsplash.com/photo-1694316412471-31f71d272968?crop=entropy&cs=tinysrgb&fit=max&fm=jpg&ixid=M3w3NTA2MjR8MHwxfHNlYXJjaHwxfHxTYWxtb24lMjBIb29kaWUlMjBOYXR1cmFsfGVufDB8fHx8MTc0NzEyOTE5M3ww&ixlib=rb-4.1.0&q=80&w=1080,1354.87,4.4,Anything trouble democratic read company me summer war about spend act treat figure throughout special.,"S, M, L, XL","Purple, Beige"
Sienna Jacket Focus,Jacket,https://images.unsplash.com/photo-1542327897-d73f4005b533?crop=entropy&cs=tinysrgb&fit=max&fm=jpg&ixid=M3w3NTA2MjR8MHwxfHNlYXJjaHwxfHxTaWVubmElMjBKYWNrZXQlMjBGb2N1c3xlbnwwfHx8fDE3NDcxMjkxOTR8MA&ixlib=rb-4.1.0&q=80&w=1080,1775.96,4.0,Interesting approach day letter oil tree practice language professor expect something economic catch notice room.,"S, M, L","Pink, Yellow, Gray, White, Blue"
DarkOrchid Hoodie Design,Hoodie,https://images.unsplash.com/photo-1476357471311-43c0db9fb2b4?crop=entropy&cs=tinysrgb&fit=max&fm=jpg&ixid=M3w3NTA2MjR8MHwxfHNlYXJjaHwxfHxEYXJrT3JjaGlkJTIwSG9vZGllJTIwRGVzaWdufGVufDB8fHx8MTc0NzEyOTE5NHww&ixlib=rb-4.1.0&q=80&w=1080,1566.86,4.4,The him size hospital house food sort board western against result himself.,"S, M, L, XL","Pink, Purple, Beige"
PaleGoldenRod Jeans Pick,Jeans,https://images.unsplash.com/photo-1604176354204-9268737828e4?crop=entropy&cs=tinysrgb&fit=max&fm=jpg&ixid=M3w3NTA2MjR8MHwxfHNlYXJjaHwxfHxQYWxlR29sZGVuUm9kJTIwSmVhbnMlMjBQaWNrfGVufDB8fHx8MTc0NzEyOTE5NXww&ixlib=rb-4.1.0&q=80&w=1080,1943.92,4.6,Art bill chance message street response catch home get yes along war direction impact sister card evidence purpose structure.,"28, 30, 32, 34, 36","Yellow, Pink, Purple, Red, Blue"
PaleGoldenRod Dress Cell,Dress,https://images.unsplash.com/photo-1519554318711-aaf73ece6ff9?crop=entropy&cs=tinysrgb&fit=max&fm=jpg&ixid=M3w3NTA2MjR8MHwxfHNlYXJjaHwxfHxQYWxlR29sZGVuUm9kJTIwRHJlc3MlMjBDZWxsfGVufDB8fHx8MTc0NzEyOTE5Nnww&ixlib=rb-4.1.0&q=80&w=1080,1605.4,3.8,Able you important bar marriage begin hospital story song modern task cause after prove identify hear.,"S, M, L","Blue, Beige, Black, Gray, Pink"
Gainsboro T-Shirt Realize,T-Shirt,https://images.unsplash.com/photo-1484516396415-4971641de8e0?crop=entropy&cs=tinysrgb&fit=max&fm=jpg&ixid=M3w3NTA2MjR8MHwxfHNlYXJjaHwxfHxHYWluc2Jvcm8lMjBULVNoaXJ0JTIwUmVhbGl6ZXxlbnwwfHx8fDE3NDcxMjkxOTZ8MA&ixlib=rb-4.1.0&q=80&w=1080,1530.82,3.9,Lawyer action feel either into paper end participant serious debate here firm bit increase democratic out age thought.,"S, M, L, XL","Pink, Beige"
CadetBlue Jacket Heavy,Jacket,https://images.unsplash.com/photo-1542327897-d73f4005b533?crop=entropy&cs=tinysrgb&fit=max&fm=jpg&ixid=M3w3NTA2MjR8MHwxfHNlYXJjaHwxfHxDYWRldEJsdWUlMjBKYWNrZXQlMjBIZWF2eXxlbnwwfHx8fDE3NDcxMjkxOTd8MA&ixlib=rb-4.1.0&q=80&w=1080,1343.63,4.4,Involve level half work party member free democratic sing grow well.,"S, M, L","Gray, White, Pink, Black, Blue"
AliceBlue Shorts Create,Shorts,https://images.unsplash.com/photo-1523837157348-ffbdaccfc7de?crop=entropy&cs=tinysrgb&fit=max&fm=jpg&ixid=M3w3NTA2MjR8MHwxfHNlYXJjaHwxfHxBbGljZUJsdWUlMjBTaG9ydHMlMjBDcmVhdGV8ZW58MHx8fHwxNzQ3MTI5MTk3fDA&ixlib=rb-4.1.0&q=80&w=1080,892.07,4.9,Box either public claim along my speak campaign member.,"S, M, L, XL","Black, Pink"
LightSkyBlue Shorts Base,Shorts,https://images.unsplash.com/photo-1591258370498-d76f5d3e1b71?crop=entropy&cs=tinysrgb&fit=max&fm=jpg&ixid=M3w3NTA2MjR8MHwxfHNlYXJjaHwxfHxMaWdodFNreUJsdWUlMjBTaG9ydHMlMjBCYXNlfGVufDB8fHx8MTc0NzEyOTE5OHww&ixlib=rb-4.1.0&q=80&w=1080,1902.93,4.1,I under which letter particularly minute eight month understand discuss.,"S, M, L, XL","Black, Gray, Red"
RoyalBlue Jacket Prevent,Jacket,https://images.unsplash.com/photo-1542327897-d73f4005b533?crop=entropy&cs=tinysrgb&fit=max&fm=jpg&ixid=M3w3NTA2MjR8MHwxfHNlYXJjaHwxfHxSb3lhbEJsdWUlMjBKYWNrZXQlMjBQcmV2ZW50fGVufDB8fHx8MTc0NzEyOTE5OXww&ixlib=rb-4.1.0&q=80&w=1080,422.4,4.6,Tonight ago yeah read catch understand reason thousand growth everything tree he college factor risk senior.,"S, M, L","Pink, Black, Yellow, White"
DodgerBlue Jeans Art,Jeans,https://images.unsplash.com/photo-1460661419201-fd4cecdf8a8b?crop=entropy&cs=tinysrgb&fit=max&fm=jpg&ixid=M3w3NTA2MjR8MHwxfHNlYXJjaHwxfHxEb2RnZXJCbHVlJTIwSmVhbnMlMjBBcnR8ZW58MHx8fHwxNzQ3MTI5MjAwfDA&ixlib=rb-4.1.0&q=80&w=1080,1425.79,4.1,Area past raise visit information today build trial keep agree bad energy full.,"28, 30, 32, 34, 36","Beige, White, Blue, Green, Purple"
Red Jacket Although,Jacket,https://images.unsplash.com/photo-1604079681864-c6fbd7eb109c?crop=entropy&cs=tinysrgb&fit=max&fm=jpg&ixid=M3w3NTA2MjR8MHwxfHNlYXJjaHwxfHxSZWQlMjBKYWNrZXQlMjBBbHRob3VnaHxlbnwwfHx8fDE3NDcxMjkyMDF8MA&ixlib=rb-4.1.0&q=80&w=1080,844.58,4.0,Animal must writer service director exactly citizen none seven way market box population.,"S, M, L","Gray, Green"
LightSeaGreen Jeans Hospital,Jeans,https://images.unsplash.com/photo-1512678080530-7760d81faba6?crop=entropy&cs=tinysrgb&fit=max&fm=jpg&ixid=M3w3NTA2MjR8MHwxfHNlYXJjaHwxfHxMaWdodFNlYUdyZWVuJTIwSmVhbnMlMjBIb3NwaXRhbHxlbnwwfHx8fDE3NDcxMjkyMDF8MA&ixlib=rb-4.1.0&q=80&w=1080,217.28,3.9,Perform author they send catch team need well stuff management successful media offer minute far be serve.,"28, 30, 32, 34, 36","Beige, Red, Yellow"
PaleGreen Jacket Little,Jacket,https://images.unsplash.com/photo-1542327897-d73f4005b533?crop=entropy&cs=tinysrgb&fit=max&fm=jpg&ixid=M3w3NTA2MjR8MHwxfHNlYXJjaHwxfHxQYWxlR3JlZW4lMjBKYWNrZXQlMjBMaXR0bGV8ZW58MHx8fHwxNzQ3MTI5MjAyfDA&ixlib=rb-4.1.0&q=80&w=1080,395.0,4.6,Boy leg site guy future people partner next big discussion hard difficult half.,"S, M, L","Yellow, White, Blue, Black, Gray"
Silver Skirt Military,Skirt,https://images.unsplash.com/photo-1511989130945-c2b632959395?crop=entropy&cs=tinysrgb&fit=max&fm=jpg&ixid=M3w3NTA2MjR8MHwxfHNlYXJjaHwxfHxTaWx2ZXIlMjBTa2lydCUyME1pbGl0YXJ5fGVufDB8fHx8MTc0NzEyOTIwMnww&ixlib=rb-4.1.0&q=80&w=1080,1159.72,4.8,Choice through sport simple most capital voice keep tax radio college last boy director approach product throw interest finally window.,"S, M, L","Yellow, Pink, Blue, Purple, Black"
LightSteelBlue T-Shirt Play,T-Shirt,https://images.unsplash.com/photo-1484516396415-4971641de8e0?crop=entropy&cs=tinysrgb&fit=max&fm=jpg&ixid=M3w3NTA2MjR8MHwxfHNlYXJjaHwxfHxMaWdodFN0ZWVsQmx1ZSUyMFQtU2hpcnQlMjBQbGF5fGVufDB8fHx8MTc0NzEyOTIwM3ww&ixlib=rb-4.1.0&q=80&w=1080,1767.67,3.5,Practice final training rich teacher during nothing close call wife herself her phone drive admit before yeah.,"S, M, L, XL","Blue, Purple"
PaleGoldenRod Jacket Century,Jacket,https://images.unsplash.com/photo-1542327897-d73f4005b533?crop=entropy&cs=tinysrgb&fit=max&fm=jpg&ixid=M3w3NTA2MjR8MHwxfHNlYXJjaHwxfHxQYWxlR29sZGVuUm9kJTIwSmFja2V0JTIwQ2VudHVyeXxlbnwwfHx8fDE3NDcxMjkyMDR8MA&ixlib=rb-4.1.0&q=80&w=1080,1850.86,4.1,Different age despite past ever under indicate pattern they.,"S, M, L","Yellow, Green"
DarkGray Jacket Past,Jacket,https://images.unsplash.com/photo-1542327897-d73f4005b533?crop=entropy&cs=tinysrgb&fit=max&fm=jpg&ixid=M3w3NTA2MjR8MHwxfHNlYXJjaHwxfHxEYXJrR3JheSUyMEphY2tldCUyMFBhc3R8ZW58MHx8fHwxNzQ3MTI5MjA1fDA&ixlib=rb-4.1.0&q=80&w=1080,382.49,4.8,Who reason establish choice century draw artist perform explain cost exist position about home move yard.,"S, M, L","Green, Pink, Purple, Yellow"
PowderBlue Skirt Majority,Skirt,https://images.unsplash.com/photo-1542601524107-6a85034106d7?crop=entropy&cs=tinysrgb&fit=max&fm=jpg&ixid=M3w3NTA2MjR8MHwxfHNlYXJjaHwxfHxQb3dkZXJCbHVlJTIwU2tpcnQlMjBNYWpvcml0eXxlbnwwfHx8fDE3NDcxMjkyMDV8MA&ixlib=rb-4.1.0&q=80&w=1080,772.6,3.7,Special human religious arm hear politics catch thus huge protect fight garden close open.,"S, M, L","Yellow, White, Purple, Green, Pink"
Olive T-Shirt Away,T-Shirt,https://images.unsplash.com/photo-1484516396415-4971641de8e0?crop=entropy&cs=tinysrgb&fit=max&fm=jpg&ixid=M3w3NTA2MjR8MHwxfHNlYXJjaHwxfHxPbGl2ZSUyMFQtU2hpcnQlMjBBd2F5fGVufDB8fHx8MTc0NzEyOTIwNnww&ixlib=rb-4.1.0&q=80&w=1080,1789.34,3.6,Speech admit our ability campaign teacher news whatever few garden big moment seven data impact.,"S, M, L, XL","Gray, Blue"
NavajoWhite Skirt Ground,Skirt,https://images.unsplash.com/photo-1542601524107-6a85034106d7?crop=entropy&cs=tinysrgb&fit=max&fm=jpg&ixid=M3w3NTA2MjR8MHwxfHNlYXJjaHwxfHxOYXZham9XaGl0ZSUyMFNraXJ0JTIwR3JvdW5kfGVufDB8fHx8MTc0NzEyOTIwN3ww&ixlib=rb-4.1.0&q=80&w=1080,1046.79,4.2,Vote whom billion bar box seat various network at.,"S, M, L","Blue, Purple"
IndianRed T-Shirt Pass,T-Shirt,https://images.unsplash.com/photo-1484516396415-4971641de8e0?crop=entropy&cs=tinysrgb&fit=max&fm=jpg&ixid=M3w3NTA2MjR8MHwxfHNlYXJjaHwxfHxJbmRpYW5SZWQlMjBULVNoaXJ0JTIwUGFzc3xlbnwwfHx8fDE3NDcxMjkyMDh8MA&ixlib=rb-4.1.0&q=80&w=1080,1013.15,4.3,Or student share memory check lawyer huge reality almost through site.,"S, M, L, XL","Black, Green, Gray, Blue, Red"
BlueViolet Skirt Key,Skirt,https://images.unsplash.com/photo-1522794338816-ee3a17a00ae8?crop=entropy&cs=tinysrgb&fit=max&fm=jpg&ixid=M3w3NTA2MjR8MHwxfHNlYXJjaHwxfHxCbHVlVmlvbGV0JTIwU2tpcnQlMjBLZXl8ZW58MHx8fHwxNzQ3MTI5MjA4fDA&ixlib=rb-4.1.0&q=80&w=1080,1836.06,5.0,But power practice business fly two hand purpose TV Democrat sea among safe support another prepare.,"S, M, L","Purple, Yellow"
AntiqueWhite Hoodie Especially,Hoodie,https://images.unsplash.com/photo-1496086065751-717735c9dd4d?crop=entropy&cs=tinysrgb&fit=max&fm=jpg&ixid=M3w3NTA2MjR8MHwxfHNlYXJjaHwxfHxBbnRpcXVlV2hpdGUlMjBIb29kaWUlMjBFc3BlY2lhbGx5fGVufDB8fHx8MTc0NzEyOTIwOXww&ixlib=rb-4.1.0&q=80&w=1080,1460.78,3.7,Person local body back second dinner prevent contain take finally.,"S, M, L, XL","Green, Yellow, Purple"
Cornsilk Dress Poor,Dress,https://images.unsplash.com/photo-1519554318711-aaf73ece6ff9?crop=entropy&cs=tinysrgb&fit=max&fm=jpg&ixid=M3w3NTA2MjR8MHwxfHNlYXJjaHwxfHxDb3Juc2lsayUyMERyZXNzJTIwUG9vcnxlbnwwfHx8fDE3NDcxMjkyMTB8MA&ixlib=rb-4.1.0&q=80&w=1080,1950.05,3.9,Performance exactly energy board process level fill future effort foreign modern social member consider crime enough eye themselves.,"S, M, L","Purple, Beige"
LightPink T-Shirt Good,T-Shirt,https://images.unsplash.com/photo-1484516396415-4971641de8e0?crop=entropy&cs=tinysrgb&fit=max&fm=jpg&ixid=M3w3NTA2MjR8MHwxfHNlYXJjaHwxfHxMaWdodFBpbmslMjBULVNoaXJ0JTIwR29vZHxlbnwwfHx8fDE3NDcxMjkyMTB8MA&ixlib=rb-4.1.0&q=80&w=1080,1889.92,4.8,Above part a at development foreign different care little spend probably city piece source rich final.,"S, M, L, XL","Gray, Red"
SeaGreen Jacket Can,Jacket,https://images.unsplash.com/photo-1542327897-d73f4005b533?crop=entropy&cs=tinysrgb&fit=max&fm=jpg&ixid=M3w3NTA2MjR8MHwxfHNlYXJjaHwxfHxTZWFHcmVlbiUyMEphY2tldCUyMENhbnxlbnwwfHx8fDE3NDcxMjkyMTF8MA&ixlib=rb-4.1.0&q=80&w=1080,1634.6,4.4,Right same operation subject watch tend treatment claim woman.,"S, M, L","Gray, Green, White, Pink, Yellow"
Lavender Shorts Like,Shorts,https://images.unsplash.com/photo-1499002238440-d264edd596ec?crop=entropy&cs=tinysrgb&fit=max&fm=jpg&ixid=M3w3NTA2MjR8MHwxfHNlYXJjaHwxfHxMYXZlbmRlciUyMFNob3J0cyUyMExpa2V8ZW58MHx8fHwxNzQ3MTI5MjEyfDA&ixlib=rb-4.1.0&q=80&w=1080,1548.54,4.0,Campaign sound thousand Democrat fire significant your opportunity everybody clearly home total include charge interview write its.,"S, M, L, XL","Blue, Green"
AntiqueWhite Hoodie Age,Hoodie,https://images.unsplash.com/photo-1534768654272-e97681c3a2c7?crop=entropy&cs=tinysrgb&fit=max&fm=jpg&ixid=M3w3NTA2MjR8MHwxfHNlYXJjaHwxfHxBbnRpcXVlV2hpdGUlMjBIb29kaWUlMjBBZ2V8ZW58MHx8fHwxNzQ3MTI5MjEyfDA&ixlib=rb-4.1.0&q=80&w=1080,362.3,4.0,Memory yard north pretty myself wait during identify find not yourself chair take professional firm per occur four politics.,"S, M, L, XL","Beige, White, Red, Black, Purple"
DarkBlue Jacket Your,Jacket,https://images.unsplash.com/photo-1542327897-d73f4005b533?crop=entropy&cs=tinysrgb&fit=max&fm=jpg&ixid=M3w3NTA2MjR8MHwxfHNlYXJjaHwxfHxEYXJrQmx1ZSUyMEphY2tldCUyMFlvdXJ8ZW58MHx8fHwxNzQ3MTI5MjEzfDA&ixlib=rb-4.1.0&q=80&w=1080,458.9,4.5,Trouble especially forward power write direction action by health.,"S, M, L","Green, Black, Yellow, Gray, Beige"
SlateBlue Shorts How,Shorts,https://images.unsplash.com/photo-1591258370498-d76f5d3e1b71?crop=entropy&cs=tinysrgb&fit=max&fm=jpg&ixid=M3w3NTA2MjR8MHwxfHNlYXJjaHwxfHxTbGF0ZUJsdWUlMjBTaG9ydHMlMjBIb3d8ZW58MHx8fHwxNzQ3MTI5MjE0fDA&ixlib=rb-4.1.0&q=80&w=1080,274.16,4.8,Wife everyone white recognize kid item know audience today decision hour party thus arrive.,"S, M, L, XL","White, Blue"
SaddleBrown Skirt Actually,Skirt,https://images.unsplash.com/photo-1542601524107-6a85034106d7?crop=entropy&cs=tinysrgb&fit=max&fm=jpg&ixid=M3w3NTA2MjR8MHwxfHNlYXJjaHwxfHxTYWRkbGVCcm93biUyMFNraXJ0JTIwQWN0dWFsbHl8ZW58MHx8fHwxNzQ3MTI5MjE1fDA&ixlib=rb-4.1.0&q=80&w=1080,1211.55,5.0,Happy talk sort visit hand city keep pick discover detail approach.,"S, M, L","Yellow, Blue"
DarkKhaki Jacket Will,Jacket,https://images.unsplash.com/photo-1542327897-d73f4005b533?crop=entropy&cs=tinysrgb&fit=max&fm=jpg&ixid=M3w3NTA2MjR8MHwxfHNlYXJjaHwxfHxEYXJrS2hha2klMjBKYWNrZXQlMjBXaWxsfGVufDB8fHx8MTc0NzEyOTIxNXww&ixlib=rb-4.1.0&q=80&w=1080,666.05,3.6,Benefit fund service American man law in add mind truth collection ok prepare look which describe ability fire single.,"S, M, L","Gray, Pink, Beige, Yellow, Blue"
DarkSlateGray Shorts Office,Shorts,https://images.unsplash.com/photo-1487017159836-4e23ece2e4cf?crop=entropy&cs=tinysrgb&fit=max&fm=jpg&ixid=M3w3NTA2MjR8MHwxfHNlYXJjaHwxfHxEYXJrU2xhdGVHcmF5JTIwU2hvcnRzJTIwT2ZmaWNlfGVufDB8fHx8MTc0NzEyOTIxNnww&ixlib=rb-4.1.0&q=80&w=1080,1258.46,4.0,Maintain concern sea process list describe land quickly safe boy out miss situation know address democratic less.,"S, M, L, XL","Green, Gray, White, Blue"
Orchid Jeans Her,Jeans,https://images.unsplash.com/photo-1531217182035-78d279dcdb7f?crop=entropy&cs=tinysrgb&fit=max&fm=jpg&ixid=M3w3NTA2MjR8MHwxfHNlYXJjaHwxfHxPcmNoaWQlMjBKZWFucyUyMEhlcnxlbnwwfHx8fDE3NDcxMjkyMTd8MA&ixlib=rb-4.1.0&q=80&w=1080,1214.77,4.2,Choice station word another actually natural issue anything bag find several take movement candidate business up look.,"28, 30, 32, 34, 36","Purple, Gray, White, Blue, Yellow"
